{
  "generated_at": "2026-01-22T12:37:44.064976",
  "method": "gmm",
  "n_clusters": 3,
  "total_sites": 3399,
  "features_used": [
    "avg_dqi_score",
    "high_risk_pct",
    "medium_risk_pct",
    "sae_rate",
    "meddra_rate",
    "missing_visit_rate",
    "missing_pages_rate",
    "lab_issues_rate",
    "avg_days_outstanding",
    "avg_days_page_missing",
    "log_subject_count",
    "issue_diversity"
  ],
  "scores": {
    "silhouette": {
      "3": 0.8867977083878846,
      "4": 0.8441275067526656,
      "5": 0.8496029418090488,
      "6": 0.8203754706233782,
      "7": 0.814916818291117,
      "8": 0.8131851210513233,
      "9": 0.8221764767271091,
      "10": 0.7950808372127361,
      "11": 0.7962109994601217,
      "12": 0.7918416235125253
    },
    "calinski_harabasz": {
      "3": 2156.0390514117885,
      "4": 2085.8443079396507,
      "5": 2000.8427537464133,
      "6": 1998.2200196770868,
      "7": 2123.237967144598,
      "8": 2122.9442982294145,
      "9": 2154.973364278885,
      "10": 2220.4651798860627,
      "11": 2267.1146313069053,
      "12": 2315.4966752177243
    },
    "davies_bouldin": {
      "3": 0.6810633908295588,
      "4": 0.8688223520370959,
      "5": 0.7052579836777364,
      "6": 0.7712886404946002,
      "7": 0.6875208942908556,
      "8": 0.732446271407684,
      "9": 0.6933633810950749,
      "10": 0.7549488882948987,
      "11": 0.7318397640057125,
      "12": 0.7114120306633058
    },
    "inertia": {
      "3": 1404345.4079494402,
      "4": 1121116.7739387015,
      "5": 949203.9034034831,
      "6": 808066.3967344256,
      "7": 670247.8017591382,
      "8": 592214.4104711772,
      "9": 523790.1407891102,
      "10": 462174.5272661261,
      "11": 414415.10902391135,
      "12": 374118.6910497715
    }
  },
  "cluster_sizes": {
    "cluster_0": 2209,
    "cluster_1": 353,
    "cluster_2": 837
  },
  "patterns": {
    "cluster_stability": {},
    "inter_cluster_distances": {},
    "feature_importance": {
      "avg_days_page_missing": 124.16533564367974,
      "lab_issues_rate": 7.039960147158347,
      "avg_days_outstanding": 5.372195081031683,
      "issue_diversity": 1.5511731630846946,
      "missing_pages_rate": 1.29229453932317,
      "log_subject_count": 0.3753492748628266,
      "medium_risk_pct": 0.09638093988955564,
      "missing_visit_rate": 0.025743474999493258,
      "high_risk_pct": 0.006225007800297982,
      "avg_dqi_score": 0.004976322252763122
    },
    "anomaly_concentration": {
      "cluster_0": {
        "total_anomalies": 3055,
        "sites_with_anomalies": 1208,
        "avg_anomalies_per_site": 1.3829787234042554
      },
      "cluster_1": {
        "total_anomalies": 996,
        "sites_with_anomalies": 316,
        "avg_anomalies_per_site": 2.821529745042493
      },
      "cluster_2": {
        "total_anomalies": 1590,
        "sites_with_anomalies": 542,
        "avg_anomalies_per_site": 1.8996415770609318
      }
    },
    "regional_patterns": {
      "cluster_0": {
        "EMEA": 44.228157537347215,
        "AMERICA": 36.75871435038479,
        "ASIA": 19.013128112267992
      },
      "cluster_1": {
        "EMEA": 36.54390934844193,
        "ASIA": 35.69405099150141,
        "AMERICA": 27.762039660056658
      },
      "cluster_2": {
        "EMEA": 44.44444444444444,
        "AMERICA": 38.47072879330944,
        "ASIA": 17.084826762246117
      }
    },
    "study_patterns": {
      "Study_1": {
        "dominant_cluster": 1,
        "concentration": "51.9%"
      },
      "Study_11": {
        "dominant_cluster": 0,
        "concentration": "82.4%"
      },
      "Study_13": {
        "dominant_cluster": 1,
        "concentration": "92.3%"
      },
      "Study_15": {
        "dominant_cluster": 1,
        "concentration": "100.0%"
      },
      "Study_16": {
        "dominant_cluster": 1,
        "concentration": "61.4%"
      },
      "Study_17": {
        "dominant_cluster": 1,
        "concentration": "84.6%"
      },
      "Study_19": {
        "dominant_cluster": 1,
        "concentration": "76.9%"
      },
      "Study_2": {
        "dominant_cluster": 0,
        "concentration": "55.6%"
      },
      "Study_20": {
        "dominant_cluster": 1,
        "concentration": "100.0%"
      },
      "Study_21": {
        "dominant_cluster": 0,
        "concentration": "78.3%"
      },
      "Study_22": {
        "dominant_cluster": 0,
        "concentration": "58.1%"
      },
      "Study_23": {
        "dominant_cluster": 0,
        "concentration": "88.2%"
      },
      "Study_25": {
        "dominant_cluster": 0,
        "concentration": "98.7%"
      },
      "Study_4": {
        "dominant_cluster": 0,
        "concentration": "96.4%"
      },
      "Study_5": {
        "dominant_cluster": 1,
        "concentration": "69.6%"
      },
      "Study_6": {
        "dominant_cluster": 1,
        "concentration": "92.9%"
      },
      "Study_7": {
        "dominant_cluster": 1,
        "concentration": "76.9%"
      },
      "Study_8": {
        "dominant_cluster": 0,
        "concentration": "67.5%"
      },
      "Study_9": {
        "dominant_cluster": 0,
        "concentration": "88.9%"
      }
    }
  },
  "recommendations": [
    {
      "cluster_id": 0,
      "cluster_name": "Cluster_0_Low_Risk",
      "priority": "LOW",
      "n_sites": 2209,
      "recommendation": "Monitor: Cluster within normal parameters - maintain standard oversight",
      "action_type": "MONITORING",
      "estimated_effort": "High"
    },
    {
      "cluster_id": 1,
      "cluster_name": "Cluster_1_High_Risk_Elevated_DQI",
      "priority": "CRITICAL",
      "n_sites": 353,
      "recommendation": "CRITICAL: 274 high-risk sites (77.6%) - prioritize for immediate intervention; Data Completeness: High missing data rate - implement targeted data entry support",
      "action_type": "INTERVENTION",
      "estimated_effort": "High"
    },
    {
      "cluster_id": 2,
      "cluster_name": "Cluster_2_Average",
      "priority": "MEDIUM",
      "n_sites": 837,
      "recommendation": "Data Completeness: High missing data rate - implement targeted data entry support",
      "action_type": "MONITORING",
      "estimated_effort": "High"
    }
  ]
}